stamp,target,files,bytes
2025-10-19T13:09:39.028Z,vercel_total,1251,6345297
2025-10-19T13:33:47.283Z,vercel_total,1251,6345297
2025-10-19T14:25:17.031Z,vercel_total,1251,6345297
2025-10-19T14:49:27.539Z,vercel_total,1251,6345297
2025-10-19T14:59:06.561Z,vercel_total,1251,6345297
2025-10-19T18:51:58.758Z,vercel_total,1251,6364357
2025-10-19T19:07:16.256Z,vercel_total,1251,6364339
2025-10-19T19:15:48.393Z,vercel_total,1251,6364339
2025-10-20T12:19:19.910Z,vercel_total,1251,6364727
2025-10-20T16:08:20.033Z,vercel_total,1251,6373288
2025-10-21T21:39:10.179Z,vercel_total,1279,7539202
2025-10-21T21:39:55.921Z,vercel_total,1279,7537381
2025-10-21T21:40:50.328Z,vercel_total,1279,7537166
2025-10-21T21:41:32.731Z,vercel_total,1279,7537217
2025-10-21T21:43:44.736Z,vercel_total,1279,7537177
2025-10-23T10:38:26.631Z,vercel_total,1280,7549315
2025-10-23T10:38:56.871Z,vercel_total,1280,7549315
2025-10-23T10:39:25.430Z,vercel_total,1280,7549315
2025-10-23T11:59:42.706Z,vercel_total,1280,7549315
2025-10-23T14:34:19.959Z,vercel_total,1280,7549315
2025-10-25T20:45:49.198Z,vercel_total,1283,7562345
2025-10-25T20:46:17.425Z,vercel_total,1283,7562345
2025-10-25T20:46:51.310Z,vercel_total,1283,7562345
2025-10-25T20:47:55.314Z,vercel_total,1283,7562345
2025-10-25T21:01:56.674Z,vercel_total,1283,7562345
2025-10-25T21:04:27.171Z,vercel_total,1283,7562345
2025-10-25T21:45:51.953Z,vercel_total,1281,7562821
2025-10-25T21:47:44.371Z,vercel_total,1281,7562821
2025-10-25T23:35:20.325Z,vercel_total,1281,7562954
2025-10-25T23:35:54.974Z,vercel_total,1281,7562954
