stamp,target,files,bytes
2025-10-19T13:00:48.258Z,vercel_total,77,19352211
2025-10-19T13:07:39.516Z,vercel_total,77,19666034
2025-10-19T13:09:29.397Z,vercel_total,77,19666034
2025-10-19T13:09:54.833Z,vercel_total,77,19666034
2025-10-19T13:34:03.830Z,vercel_total,77,19675955
2025-10-19T14:25:32.599Z,vercel_total,77,19679743
2025-10-19T14:49:43.698Z,vercel_total,77,19679276
2025-10-19T14:59:23.662Z,vercel_total,77,19673239
2025-10-19T18:52:12.595Z,vercel_total,77,17703699
2025-10-19T19:07:31.296Z,vercel_total,77,17712346
2025-10-19T19:16:02.195Z,vercel_total,77,17721405
2025-10-20T12:19:35.705Z,vercel_total,77,17721153
2025-10-20T16:08:35.759Z,vercel_total,77,17721153
